id,email,phone,firstName,lastName,address1,city,province,phone1,zip,country
1,mjennick0@aboutads.info,+372 219 746 1202,Merell,Jennick,76605 Crescent Oaks Terrace,Orissaare,Ontario,+48 574 389 7665,,EE
2,formonde1@is.gd,+53 718 866 9802,Fulton,Ormonde,80 Main Place,Habana del Este,Prince Edward Island,+62 246 296 6419,,CU
3,tmcdermottrow2@feedburner.com,+63 557 871 5733,Tamas,McDermott-Row,45484 Randy Alley,Monkayo,Nova Scotia,+7 788 609 0359,8111,PH
4,dadey3@imageshack.us,+1 650 880 7705,Darrel,Adey,63 Shoshone Circle,Mountain View,Manitoba,+351 445 564 6505,94042,US
5,ccowern4@cargocollective.com,+353 291 714 3466,Cosmo,Cowern,0 Rockefeller Terrace,Thomastown,Alberta,+1 757 706 1511,W34,IE
6,bchalkly5@webs.com,+62 290 656 6124,Bondy,Chalkly,09 Pepper Wood Drive,Tilang,Ontario,+254 880 588 6613,,ID
7,tsepey6@about.me,+994 993 168 1310,Tanny,Sepey,8 Almo Circle,BakÄ±xanov,Manitoba,+352 617 556 9605,,AZ
8,bdawid7@google.es,+506 543 532 9442,Buckie,Dawid,621 Novick Way,San Miguel,Prince Edward Island,+420 713 433 9315,10302,CR
9,apriddie8@flickr.com,+256 370 502 9289,Andreas,Priddie,8 Dennis Drive,Mayuge,Ontario,+1 846 279 6736,,UG
10,bhaggie9@dion.ne.jp,+1 915 942 8431,Bill,Haggie,53 Merry Avenue,El Paso,Quebec,+62 983 907 3812,79934,US
